Survived,PassengerId,Pclass,Name,Sex,Age,SibSp,Parch,Ticket,Fare,Cabin,Embarked,count,count_norm
0,549,549,549,549,424,549,549,549,549,68,549,549,0.6161616161616161
1,342,342,342,342,290,342,342,342,342,136,340,342,0.3838383838383838
